,loss,accuracy
0,1.0367806057135265,0.4
1,1.0155283212661743,0.4
2,1.0422014395395915,0.4
3,1.0405266682306926,0.4
4,1.0268988211949666,0.4
5,1.024818907181422,0.4
6,1.030174086491267,0.4
7,0.9927435119946798,0.4666666666666667
8,0.9768078227837881,0.4666666666666667
9,0.9843330581982931,0.4
10,1.000780959924062,0.4
11,0.9961140553156534,0.5833333333333334
12,0.9760374625523885,0.4666666666666667
13,0.9707382718722025,0.4166666666666667
14,0.9490505357583364,0.4666666666666667
15,0.9517095386981964,0.5333333333333333
16,0.9258684118588766,0.4
17,0.9569545388221741,0.4666666666666667
18,0.9430848856767019,0.4666666666666667
19,0.9399451812108358,0.6
20,0.9183671474456787,0.4666666666666667
21,0.9195321897665659,0.6166666666666667
22,0.8073146839936575,0.5
23,0.8902297417322794,0.48333333333333334
24,0.8761458893616995,0.4
25,0.9428667227427164,0.6166666666666667
26,0.8099103371302286,0.4666666666666667
27,0.8311077753702799,0.43333333333333335
28,0.8866675098737081,0.6166666666666667
29,0.7873152593771616,0.4666666666666667
30,0.8574593563874563,0.6
31,0.8048063218593597,0.6
32,0.7822368443012238,0.4
33,0.8571368157863617,0.6
34,0.7921197017033895,0.6
35,0.8157513042291006,0.4666666666666667
36,0.7893486420313517,0.5666666666666667
37,0.7711152732372284,0.5333333333333333
38,0.7128657003243765,0.6166666666666667
39,0.743322491645813,0.6
40,0.7049326101938883,0.48333333333333334
41,0.7560037771860758,0.6
42,0.7473609944184622,0.6
43,0.7670971850554148,0.4666666666666667
44,0.7677922745545706,0.7333333333333333
45,0.710998018582662,0.6
46,0.6902610858281454,0.7333333333333333
47,0.7409150103727976,0.6
48,0.6735127021869024,0.7333333333333333
49,0.6988503932952881,0.7333333333333333
50,0.7171883384386698,0.75
51,0.7255209485689799,0.7333333333333333
52,0.6609634359677633,0.7333333333333333
53,0.6785504420598348,0.75
54,0.6462412476539612,0.7333333333333333
55,0.6574924886226654,0.7333333333333333
56,0.6558592915534973,0.6
57,0.7537378172079722,0.7333333333333333
58,0.664905865987142,0.4666666666666667
59,0.813950260480245,0.6
60,0.6425197869539261,0.7333333333333333
61,0.6574280361334482,0.6166666666666667
62,0.6707716584205627,0.75
63,0.6485488514105479,0.6666666666666666
64,0.5983640551567078,0.6666666666666666
65,0.6511196593443552,0.6666666666666666
66,0.6313934524854025,0.6666666666666666
67,0.6324898401896158,0.7333333333333333
68,0.6158958276112875,0.6666666666666666
69,0.5998159249623617,0.6666666666666666
70,0.6116504967212677,0.6666666666666666
71,0.6170859585205714,0.7333333333333333
72,0.5984363208214442,0.7333333333333333
73,0.636344239115715,0.6166666666666667
74,0.7136726280053457,0.7333333333333333
75,0.5650855451822281,0.7833333333333333
76,0.5982885261376699,0.7333333333333333
77,0.6112770835558573,0.7333333333333333
78,0.6054169436295828,0.8
79,0.5591690291961035,0.8
80,0.5921332587798437,0.6833333333333333
81,0.6452943136294683,0.7333333333333333
82,0.577888160943985,0.7333333333333333
83,0.5667118827501932,0.8166666666666667
84,0.5655328035354614,0.7833333333333333
85,0.604141374429067,0.6
86,0.5837155232826868,0.75
87,0.5437964101632436,0.8
88,0.5544886589050293,0.8
89,0.5087729841470718,0.8
90,0.6201091011365255,0.6333333333333333
91,0.5963158259789149,0.8
92,0.4931935767332713,0.8
93,0.49667198459307355,0.7333333333333333
94,0.5558134565750757,0.8
95,0.492024431626002,0.8
96,0.47749580442905426,0.8
97,0.5435817589362463,0.8166666666666667
98,0.47921740512053174,0.8
99,0.47702151040236157,0.8
100,0.4628845602273941,0.6666666666666666
101,0.5374436527490616,0.8
102,0.4290549208720525,0.8
103,0.42768312990665436,0.8
104,0.4522205690542857,0.8
105,0.4612799932559331,0.8
106,0.4266997426748276,0.8166666666666667
107,0.42024240891138714,0.8
108,0.42084034780661267,0.8166666666666667
109,0.43792978922526044,0.7333333333333333
110,0.8791580200195312,0.5166666666666667
111,0.6687938918670019,0.8166666666666667
112,0.41607631246248883,0.8
113,0.4096266105771065,0.8
114,0.4692436108986537,0.8166666666666667
115,0.42987561225891113,0.8333333333333334
116,0.39677490790685016,0.8
117,0.42739567160606384,0.8
118,0.43981922666231793,0.8
119,0.4657483746608098,0.6666666666666666
120,0.4770170748233795,0.85
121,0.4399321476618449,0.8
122,0.470108966032664,0.8166666666666667
123,0.42288124561309814,0.8166666666666667
124,0.4539554913838704,0.8166666666666667
125,0.4039079050223033,0.8
126,0.4093303432067235,0.8
127,0.3961652045448621,0.8
128,0.4099760353565216,0.8
129,0.37712149570385617,0.8333333333333334
130,0.402209609746933,0.7833333333333333
131,0.4494493405024211,0.8
132,0.4185949017604192,0.6833333333333333
133,0.4095672418673833,0.8
134,0.49309884011745453,0.8
135,0.44523994624614716,0.8333333333333334
136,0.3851377268632253,0.8
137,0.3794381345311801,0.8
138,0.43373114864031476,0.8
139,0.42953262726465863,0.8
140,0.3908531814813614,0.8166666666666667
141,0.3965248415867488,0.8
142,0.42253350218137103,0.8
143,0.39349880317846936,0.8166666666666667
144,0.4572474757830302,0.8
145,0.4092029531796773,0.75
146,0.5206324557463328,0.8333333333333334
147,0.4321955343087514,0.8
148,0.40794303516546887,0.7333333333333333
149,0.5615710467100143,0.8
150,0.40434570610523224,0.8
151,0.43810100356737774,0.8
152,0.3836231728394826,0.8
153,0.3872385968764623,0.8333333333333334
154,0.3838994850715001,0.8
155,0.3939392666021983,0.8
156,0.3916678975025813,0.8333333333333334
157,0.3842257459958394,0.7666666666666667
158,0.44354136288166046,0.8
159,0.3857088088989258,0.8
160,0.43435430030028027,0.8
161,0.3574211647113164,0.8
162,0.4007645671566327,0.8333333333333334
163,0.3739198495944341,0.8166666666666667
164,0.3730677266915639,0.8166666666666667
165,0.37580063939094543,0.8166666666666667
166,0.3795204311609268,0.6666666666666666
167,0.42668533821900684,0.4
168,1.2522287170092266,0.8
169,0.4134341726700465,0.8
170,0.3803018281857173,0.8
171,0.3720598841706912,0.8
172,0.3654691105087598,0.8
173,0.3927864382664363,0.8
174,0.3729211191336314,0.8
175,0.38724209864934284,0.8
176,0.40536468227704364,0.8
177,0.4426972419023514,0.8333333333333334
178,0.41290809710820514,0.8166666666666667
179,0.3631726900736491,0.8166666666666667
180,0.3983764151732127,0.8
181,0.40325137476126355,0.8
182,0.4158332844575246,0.8333333333333334
183,0.351150614519914,0.8
184,0.4177591949701309,0.75
185,0.4549643148978551,0.8
186,0.3998873879512151,0.8
187,0.40739134947458905,0.8333333333333334
188,0.3998314787944158,0.8166666666666667
189,0.372431347767512,0.7
190,0.8943310628334681,0.4666666666666667
191,0.7222989797592163,0.8
192,0.41825856268405914,0.85
193,0.404390628139178,0.8
194,0.36082278688748676,0.8
195,0.42839714388052624,0.8
196,0.37863850096861523,0.8
197,0.3555661092201869,0.8
198,0.3894955515861511,0.8
199,0.37646708885828656,0.8333333333333334
200,0.3669389287630717,0.8
201,0.36863630016644794,0.8333333333333334
202,0.36028358340263367,0.8166666666666667
203,0.3755279729763667,0.8
204,0.3611613065004349,0.8
205,0.4307827850182851,0.8
206,0.37392762303352356,0.8166666666666667
207,0.33822618052363396,0.8
208,0.3578817496697108,0.8
209,0.4055827260017395,0.8
210,0.38017740845680237,0.8
211,0.39966414372126263,0.8
212,0.3830809344847997,0.8
213,0.37629754344622296,0.8166666666666667
214,0.4091649055480957,0.6666666666666666
215,0.3728388100862503,0.6666666666666666
216,0.5951120505730311,0.8
217,0.3382510766386986,0.8166666666666667
218,0.37598099062840146,0.8
219,0.3861861179272334,0.8
220,0.44626329839229584,0.8
221,0.38111885140339535,0.7833333333333333
222,0.36652037998040515,0.8
223,0.39827582240104675,0.7666666666666667
224,0.4247081031401952,0.8
225,0.4081347833077113,0.8
226,0.34175944576660794,0.8
227,0.38560380041599274,0.8
228,0.3571077585220337,0.8333333333333334
229,0.35099891324838,0.8
230,0.38520845274130505,0.8
231,0.36058202882607776,0.8
232,0.35571502645810443,0.8166666666666667
233,0.3429879272977511,0.8
234,0.354728435476621,0.8
235,0.36881959935029346,0.8333333333333334
236,0.34983091553052265,0.75
237,0.4031335550049941,0.8333333333333334
238,0.3447723537683487,0.7833333333333333
239,0.42095011472702026,0.8
240,0.34235837310552597,0.8
241,0.3201497917373975,0.8166666666666667
242,0.3468249092499415,0.8166666666666667
243,0.3750278453032176,0.75
244,0.40822916229565936,0.6833333333333333
245,1.1120539158582687,0.8
246,0.3849024871985118,0.8166666666666667
247,0.34386125206947327,0.8
248,0.3823920587698619,0.8
249,0.3606417775154114,0.8
250,0.34377241631348926,0.8
251,0.3596447855234146,0.8
252,0.39793266355991364,0.8
253,0.40547922253608704,0.8
254,0.36557721098264057,0.8166666666666667
255,0.3286196043093999,0.8
256,0.3357710788647334,0.8
257,0.4020920644203822,0.8
258,0.38157548507054645,0.8
259,0.32670847326517105,0.8
260,0.3551345318555832,0.8
261,0.3388059015075366,0.8
262,0.3780159503221512,0.8
263,0.3109966963529587,0.8166666666666667
264,0.3367308924595515,0.8
265,0.3358524094025294,0.8333333333333334
266,0.3274804353713989,0.8
267,0.39960413177808124,0.6833333333333333
268,0.4008253465096156,0.8
269,0.363768736521403,0.8333333333333334
270,0.4016057401895523,0.8
271,0.32347498337427777,0.8
272,0.4074181218942006,0.7333333333333333
273,0.36285534252723056,0.8166666666666667
274,0.33121893803278607,0.8
275,0.3230271562933922,0.8
276,0.35415656864643097,0.8
277,0.33723318576812744,0.8
278,0.3267706607778867,0.8333333333333334
279,0.3166123280922572,0.8166666666666667
280,0.3405697743097941,0.8166666666666667
281,0.3405480856696765,0.8
282,0.32076704998811084,0.85
283,0.35216233630975086,0.8
284,0.3352944602568944,0.7333333333333333
285,0.46927720805009204,0.8166666666666667
286,0.3920065114895503,0.6666666666666666
287,0.3584153304497401,0.8166666666666667
288,0.37386222183704376,0.8
289,0.3281373381614685,0.8166666666666667
290,0.3233317534128825,0.8
291,0.3172180379430453,0.8
292,0.36706558366616565,0.8
293,0.3489698568979899,0.8333333333333334
294,0.3132336884737015,0.8
295,0.3331732501586278,0.7333333333333333
296,0.34178071717421216,0.6833333333333333
297,0.808220182855924,0.8
298,0.3237298900882403,0.8
299,0.3539219746987025,0.8
300,0.34386969606081647,0.8
301,0.3274575471878052,0.8
302,0.3153325940171878,0.8166666666666667
303,0.30288424839576084,0.8
304,0.3180095578233401,0.8166666666666667
305,0.35268273452917737,0.7
306,0.5480282157659531,0.8
307,0.3617321054140727,0.8166666666666667
308,0.32216521352529526,0.8166666666666667
309,0.32591701795657474,0.8
310,0.33129707475503284,0.8333333333333334
311,0.3372393846511841,0.7
312,0.3131987551848094,0.8166666666666667
313,0.29804207384586334,0.8
314,0.3287784879406293,0.8
315,0.35096796850363415,0.8333333333333334
316,0.3258408730228742,0.8166666666666667
317,0.3425477097431819,0.8
318,0.38000404089689255,0.7333333333333333
319,0.3498959814508756,0.8166666666666667
320,0.32960832118988037,0.6833333333333333
321,0.4350469261407852,0.8333333333333334
322,0.32633254925409955,0.8333333333333334
323,0.34179458022117615,0.8333333333333334
324,0.32497283816337585,0.8
325,0.35616257786750793,0.8166666666666667
326,0.34163691103458405,0.8166666666666667
327,0.554304043451945,0.8
328,0.32845439016819,0.8
329,0.32039056221644086,0.7666666666666667
330,0.5007071445385615,0.8
331,0.3446037818988164,0.8
332,0.35318276782830554,0.8
333,0.3397294233242671,0.8333333333333334
334,0.3774293412764867,0.7666666666666667
335,0.3494187618295352,0.7666666666666667
336,0.32752351462841034,0.8333333333333334
337,0.30483775585889816,0.8333333333333334
338,0.31687913835048676,0.8166666666666667
339,0.3482057799895604,0.8
340,0.3364080637693405,0.8166666666666667
341,0.34773460527261096,0.7833333333333333
342,0.3698435053229332,0.8
343,0.3038153325517972,0.8333333333333334
344,0.3291916350523631,0.7166666666666667
345,0.36824355522791546,0.8333333333333334
346,0.31466103593508404,0.8
347,0.3271519790093104,0.7666666666666667
348,0.34126131733258563,0.7333333333333333
349,0.36420584718386334,0.8
350,0.29274023572603863,0.8
351,0.2903105343381564,0.8166666666666667
352,0.2961824269344409,0.8166666666666667
353,0.33956999083360034,0.7666666666666667
354,0.35427722334861755,0.7666666666666667
355,0.3515491609772046,0.7666666666666667
356,0.2876957853635152,0.8166666666666667
357,0.5192267000675201,0.8166666666666667
358,0.3084213336308797,0.8333333333333334
359,0.30622660120328266,0.8333333333333334
360,0.35533155749241513,0.7666666666666667
361,0.33082907398541767,0.8166666666666667
362,0.3021869361400604,0.8333333333333334
363,0.3432314892609914,0.8333333333333334
364,0.32476775099833805,0.8333333333333334
365,0.32226062566041946,0.7666666666666667
366,0.3311322381099065,0.7166666666666667
367,1.0372846871614456,0.5333333333333333
368,1.4292631149291992,0.6
369,1.0906410316626232,0.6
370,1.0465674300988514,0.6166666666666667
371,0.941029911239942,0.5833333333333334
372,0.8875481163462003,0.6
373,0.8917507231235504,0.5666666666666667
374,0.8479437877734503,0.6166666666666667
375,1.0360433161258698,0.6333333333333333
376,1.0256838997205098,0.6166666666666667
377,0.9644839366277059,0.48333333333333334
378,0.9741969406604767,0.6
379,0.855547567208608,0.6166666666666667
380,0.9903909216324488,0.55
381,0.8228537340958914,0.5833333333333334
382,0.7686174511909485,0.5833333333333334
383,0.7945302526156107,0.5833333333333334
384,0.9090642035007477,0.6
385,0.7981954415639242,0.5833333333333334
386,0.8135000765323639,0.6166666666666667
387,0.7616853217283884,0.6166666666666667
388,0.7659037609895071,0.6166666666666667
389,0.7814355889956156,0.6166666666666667
390,0.7585938076178232,0.5833333333333334
391,0.7815125981966654,0.4166666666666667
392,0.819097489118576,0.6666666666666666
393,0.8759839435418447,0.7
394,0.8898450036843618,0.6166666666666667
395,0.7697081565856934,0.6333333333333333
396,0.7255903085072836,0.7
397,0.7080524563789368,0.6833333333333333
398,0.7163430005311966,0.6166666666666667
399,0.7098378837108612,0.6166666666666667
400,0.7016526957352957,0.7833333333333333
401,0.7166997094949087,0.6666666666666666
402,0.7443428436915079,0.75
403,0.710121750831604,0.6
404,0.7049666394790014,0.65
405,0.8092015782992045,0.75
406,0.7839102447032928,0.5833333333333334
407,0.8374770283699036,0.75
408,0.7012119293212891,0.7666666666666667
409,0.7050904830296835,0.6
410,0.6883400430281957,0.7333333333333333
411,0.7677498062451681,0.75
412,0.656870499253273,0.7333333333333333
413,0.9189454217751821,0.5666666666666667
414,0.7810916602611542,0.75
415,0.720944861570994,0.6666666666666666
416,0.6870130300521851,0.7333333333333333
417,0.6808129747708639,0.7666666666666667
418,0.721177726984024,0.75
419,0.6346379071474075,0.7333333333333333
420,0.7405895789464315,0.75
421,0.6555991669495901,0.6833333333333333
422,0.669982522726059,0.75
423,0.6119927018880844,0.7333333333333333
424,0.6472595632076263,0.75
425,0.7535709142684937,0.75
426,0.7325368821620941,0.7
427,0.6824394961198171,0.7
428,0.6497072080771128,0.6833333333333333
429,0.6430590947469076,0.7
430,0.6410455405712128,0.7333333333333333
431,0.6380927811066309,0.7666666666666667
432,0.6477947533130646,0.7333333333333333
433,0.6400285065174103,0.7666666666666667
434,0.6565849781036377,0.7333333333333333
435,0.6204016357660294,0.7166666666666667
436,0.878374844789505,0.7333333333333333
437,0.6295298933982849,0.75
438,0.618827760219574,0.7166666666666667
439,0.6161425411701202,0.75
440,0.6300051112969717,0.7333333333333333
441,0.6227477540572485,0.75
442,0.556368313729763,0.6833333333333333
443,0.6557583312193552,0.7333333333333333
444,0.7189975380897522,0.5833333333333334
445,0.6102949877580007,0.75
446,0.7339469393094381,0.75
447,0.5853118101755778,0.75
448,0.5671045531829199,0.7333333333333333
449,0.5998732298612595,0.75
450,0.5589361141125361,0.7833333333333333
451,0.56886887550354,0.6833333333333333
452,0.5710349529981613,0.7333333333333333
453,0.5804147919019064,0.7333333333333333
454,0.5733609050512314,0.7166666666666667
455,0.6177094429731369,0.6666666666666666
456,0.5780835549036661,0.7666666666666667
457,0.5520925968885422,0.75
458,0.5526559203863144,0.75
459,0.5663178811470667,0.6833333333333333
460,0.5504616598288218,0.75
461,0.5891820341348648,0.7166666666666667
462,0.742146631081899,0.6666666666666666
463,0.5893248319625854,0.7333333333333333
464,0.6068573147058487,0.7
465,0.6568028479814529,0.7666666666666667
466,0.5373382270336151,0.75
467,0.5544795095920563,0.7666666666666667
468,0.526809553305308,0.7666666666666667
469,0.5263050645589828,0.75
470,0.520781805117925,0.6833333333333333
471,0.5321616977453232,0.7
472,0.5023260166247686,0.7666666666666667
473,0.6114472299814224,0.7333333333333333
474,0.5156429012616476,0.7333333333333333
475,0.56893323858579,0.6666666666666666
476,0.4829331835110982,0.7833333333333333
477,0.5117939313252767,0.7666666666666667
478,0.5403108596801758,0.7666666666666667
479,0.4900014102458954,0.7333333333333333
480,0.5458697577317556,0.7166666666666667
481,0.5394600282112757,0.6666666666666666
482,0.5657085478305817,0.65
483,0.5714419980843862,0.7666666666666667
484,0.5308105250199636,0.75
485,0.4793290098508199,0.7333333333333333
486,0.5224819829066595,0.7333333333333333
487,0.4729344795147578,0.7333333333333333
488,0.5168500691652298,0.7333333333333333
489,0.48740950723489124,0.75
490,0.4747186203797658,0.7333333333333333
491,0.5824836691220602,0.7333333333333333
492,0.4695965150992076,0.75
493,0.4594392081101735,0.75
494,0.46337489287058514,0.7166666666666667
495,0.446092888712883,0.65
496,0.48643171787261963,0.75
497,0.42334648470083874,0.7666666666666667
498,0.44290705521901447,0.8
499,0.46001474062601727,0.7833333333333333
500,0.4363984813292821,0.7666666666666667
501,0.435661976536115,0.7666666666666667
502,0.42902612686157227,0.6833333333333333
503,0.41957667966683704,0.8333333333333334
504,0.4019271234671275,0.8333333333333334
505,0.44581227997938794,0.6333333333333333
506,0.44369109471638996,0.85
507,0.42965276539325714,0.7
508,0.45417825877666473,0.8
509,0.65617968638738,0.8
510,0.41787706315517426,0.85
511,0.3713054433465004,0.85
512,0.34249422202507657,0.8666666666666667
513,0.36366145809491474,0.7833333333333333
514,0.4472966442505519,0.75
515,0.43438316384951275,0.85
516,0.37744399905204773,0.7166666666666667
517,0.36956138412157696,0.8333333333333334
518,0.3583357681830724,0.8166666666666667
519,0.4114769746859868,0.8333333333333334
520,0.36878253022829693,0.8166666666666667
521,0.3456019386649132,0.8166666666666667
522,0.38222476343313855,0.7833333333333333
523,0.3578706880410512,0.8333333333333334
524,0.37612082064151764,0.8166666666666667
525,0.40058178702990216,0.75
526,0.3555046369632085,0.8166666666666667
527,0.33584444721539813,0.8166666666666667
528,0.36683259283502895,0.8
529,0.3302911619345347,0.85
530,0.3284379144509633,0.8333333333333334
531,0.3813755363225937,0.7833333333333333
532,0.5819461345672607,0.7833333333333333
533,0.3532138665517171,0.8
534,0.3313618103663127,0.8166666666666667
535,0.3194274803002675,0.8
536,0.3740694547692935,0.8333333333333334
537,0.31545524547497433,0.7833333333333333
538,0.39997806896766025,0.8333333333333334
539,0.4008964349826177,0.65
540,0.6039615174134573,0.8166666666666667
541,0.34422825276851654,0.75
542,0.3168293908238411,0.8333333333333334
543,0.32456638912359875,0.85
544,0.3177683353424072,0.75
545,0.29621503005425137,0.7833333333333333
546,0.31077302743991214,0.8333333333333334
547,0.34133031219244003,0.85
548,0.32412080218394596,0.8333333333333334
549,0.31200334926446277,0.8333333333333334
550,0.3485237906376521,0.7333333333333333
551,0.32361772656440735,0.75
552,0.5298573275407156,0.8
553,0.30674537022908527,0.8166666666666667
554,0.2957966861625512,0.85
555,0.3395627389351527,0.7833333333333333
556,0.28377698610226315,0.8333333333333334
557,0.2987862279017766,0.75
558,0.3316173851490021,0.7666666666666667
559,0.2985224624474843,0.8
560,0.30913076798121136,0.7333333333333333
561,0.33190615475177765,0.8333333333333334
562,0.3798326576749484,0.7666666666666667
563,0.3141811539729436,0.8
564,0.4373225619395574,0.7666666666666667
565,0.33351896703243256,0.8
566,0.3095801422993342,0.8333333333333334
567,0.2926078687111537,0.8333333333333334
568,0.3198275218407313,0.75
569,0.2876860499382019,0.85
570,0.29634989798069,0.75
571,0.31515808900197345,0.8333333333333334
572,0.31010950605074566,0.8333333333333334
573,0.2912709365288417,0.7166666666666667
574,0.45777974526087445,0.85
575,0.28193026781082153,0.75
576,0.2789480860034625,0.85
577,0.32062720755736035,0.85
578,0.2887219364444415,0.8333333333333334
579,0.284003513554732,0.8333333333333334
580,0.3079325358072917,0.8
581,0.35139409452676773,0.85
582,0.29664966960748035,0.8333333333333334
583,0.29239096740881604,0.85
584,0.28926775356133777,0.8333333333333334
585,0.2586830873042345,0.8333333333333334
586,0.24272935340801874,0.7666666666666667
587,0.25144558027386665,0.8166666666666667
588,0.3648253846913576,0.85
589,0.2983730534712474,0.8
590,0.33291566371917725,0.8
591,0.3089143931865692,0.7666666666666667
592,0.29647862414518994,0.8166666666666667
593,0.3164008905490239,0.75
594,0.2841505358616511,0.85
595,0.26871474335591,0.8166666666666667
596,0.3592807228366534,0.7333333333333333
597,0.37106427053610486,0.8166666666666667
598,0.3108203262090683,0.75
599,0.32283591975768405,0.7666666666666667
600,0.3234250793854396,0.85
601,0.2540628242616852,0.85
602,0.3139815032482147,0.75
603,0.25511016448338825,0.8166666666666667
604,0.2702934965491295,0.7833333333333333
605,0.30159907539685565,0.8333333333333334
606,0.30935658514499664,0.8
607,0.26952391241987544,0.8333333333333334
608,0.2881457656621933,0.8333333333333334
609,0.23809179663658142,0.85
610,0.29690030465523404,0.8166666666666667
611,0.7948489785194397,0.8
612,0.31185750166575116,0.8166666666666667
613,0.28358713909983635,0.8
614,0.2902040680249532,0.8
615,0.2873819942275683,0.7333333333333333
616,0.31584978600343067,0.8333333333333334
617,0.3089308391014735,0.8666666666666667
618,0.28493450333674747,0.8166666666666667
619,0.2805459350347519,0.7666666666666667
620,0.3522014518578847,0.7333333333333333
621,0.33997611204783124,0.8
622,0.27549440910418826,0.8333333333333334
623,0.31517113000154495,0.7333333333333333
624,0.294766070942084,0.7666666666666667
625,0.3389411022265752,0.7
626,0.5278878062963486,0.8
627,0.3127502550681432,0.8
628,0.283891295393308,0.8166666666666667
629,0.2643802190820376,0.8166666666666667
630,0.25077609810978174,0.8666666666666667
631,0.2980645497639974,0.8
632,0.3736854245265325,0.85
633,0.3265099326769511,0.7666666666666667
634,0.2889403725663821,0.7666666666666667
635,0.31655334929625195,0.7666666666666667
636,0.32437819242477417,0.7666666666666667
637,0.3271565909186999,0.85
638,0.2611091037591298,0.8333333333333334
639,0.30719966689745587,0.7666666666666667
640,0.2596033712228139,0.75
641,0.2719315066933632,0.85
642,0.32286973545948666,0.75
643,0.2739433025320371,0.85
644,0.24932096401850382,0.7666666666666667
645,0.27138565729061764,0.7666666666666667
646,0.2662408575415611,0.85
647,0.2666166474421819,0.75
648,0.2401566468179226,0.7333333333333333
649,0.25589119642972946,0.8333333333333334
650,0.28553764273722965,0.85
651,0.24710301558176676,0.85
652,0.27214835584163666,0.75
653,0.30006129046281177,0.8
654,0.5455485681692759,0.7333333333333333
655,0.31188769234965247,0.8166666666666667
656,0.289991095662117,0.7666666666666667
657,0.2470271165172259,0.7833333333333333
658,0.2613496395448844,0.8166666666666667
659,0.2989250247677167,0.8166666666666667
660,0.2584615809222062,0.7833333333333333
661,0.2729305252432823,0.8166666666666667
662,0.2720755785703659,0.8166666666666667
663,0.23840607206026712,0.85
664,0.2791694824894269,0.8333333333333334
665,0.2613518883784612,0.85
666,0.25413410117228824,0.75
667,0.3565193588534991,0.85
668,0.25728679448366165,0.85
669,0.7566495488087336,0.7333333333333333
670,0.3741356208920479,0.8
671,0.3140564983089765,0.7666666666666667
672,0.2834901014963786,0.8333333333333334
673,0.2770548164844513,0.8
674,0.26874444012840587,0.85
675,0.2764780869086583,0.8166666666666667
676,0.3140493482351303,0.85
677,0.243793415526549,0.7666666666666667
678,0.28543661534786224,0.7666666666666667
679,0.2794298902153969,0.8333333333333334
680,0.2773055012027423,0.7333333333333333
681,0.30678069839874905,0.75
682,0.27071436246236164,0.8333333333333334
683,0.2716541364789009,0.7166666666666667
684,0.25353674838940304,0.7333333333333333
685,0.29954427185778815,0.85
686,0.2617987394332886,0.85
687,0.28464727848768234,0.7833333333333333
688,0.5219455311695734,0.75
689,0.32384905715783435,0.8333333333333334
690,0.2693198174238205,0.7833333333333333
691,0.46433591345945996,0.7333333333333333
692,0.2965229923526446,0.8333333333333334
693,0.23354497101778784,0.85
694,0.26111167420943576,0.7833333333333333
695,0.25950442502895993,0.7833333333333333
696,0.2889113153020541,0.85
697,0.2768881519635518,0.8333333333333334
698,0.297441062827905,0.7333333333333333
699,0.377355121076107,0.7333333333333333
700,0.2786908981700738,0.8
701,0.25535348057746887,0.7666666666666667
702,0.30066529909769696,0.8333333333333334
703,0.2857365931073825,0.8166666666666667
704,0.2631917695204417,0.8166666666666667
705,0.24078728258609772,0.7833333333333333
706,0.25671285142501193,0.75
707,0.28371944030125934,0.85
708,0.22267755369345346,0.8666666666666667
709,0.35472970207532245,0.7333333333333333
710,0.350948045651118,0.8166666666666667
711,0.3112163518865903,0.8333333333333334
712,0.3211957588791847,0.85
713,0.2722787832220395,0.75
714,0.27520029495159787,0.8166666666666667
715,0.2771511549750964,0.85
716,0.284519503513972,0.75
717,0.24972537656625113,0.6833333333333333
718,0.5333817154169083,0.85
719,0.2848132501045863,0.8
720,0.2935093169411023,0.8
721,0.2992198516925176,0.9
722,0.2701607768734296,0.85
723,0.27081750333309174,0.8166666666666667
724,0.3694538176059723,0.85
725,0.27377113948265713,0.8333333333333334
726,0.2567235852281253,0.7666666666666667
727,0.23933091138799986,0.85
728,0.26811524480581284,0.8
729,0.28962142020463943,0.8166666666666667
730,0.31488526115814847,0.75
731,0.29743240028619766,0.85
732,0.26003801077604294,0.8166666666666667
733,0.2982585169374943,0.7333333333333333
734,0.2517362805859496,0.8666666666666667
735,0.3004646971821785,0.8166666666666667
736,0.31913727273543674,0.85
737,0.26584593454996747,0.85
738,0.24841921404004097,0.75
739,0.2885713328917821,0.7333333333333333
740,0.3496025900046031,0.7833333333333333
741,0.4201512311895688,0.8
742,0.3393107106288274,0.85
743,0.28996244817972183,0.7666666666666667
744,0.25240156302849454,0.8333333333333334
745,0.2870316257079442,0.8333333333333334
746,0.2800966575741768,0.85
747,0.2519749775528908,0.8333333333333334
748,0.35211584468682605,0.8166666666666667
749,0.2545287987838189,0.85
750,0.26062888155380887,0.7666666666666667
751,0.24006335080290833,0.8333333333333334
752,0.25690436611572903,0.7666666666666667
753,0.2285030597510437,0.85
754,0.279963880777359,0.8
755,0.47542773683865863,0.7833333333333333
756,0.2589282641808192,0.8333333333333334
757,0.25902339567740756,0.75
758,0.34901829063892365,0.85
759,0.3256099224090576,0.75
760,0.2944813321034114,0.7333333333333333
761,0.31006596485773724,0.7666666666666667
762,0.2929560070236524,0.8333333333333334
763,0.2210788706627985,0.8166666666666667
764,0.2779959936936696,0.7833333333333333
765,0.2666035257279873,0.8333333333333334
766,0.2650844256083171,0.8333333333333334
767,0.2793521781762441,0.8
768,0.3149467706680298,0.85
769,0.26127272099256516,0.8166666666666667
770,0.29682106028000516,0.8
771,0.3125411619742711,0.85
772,0.29045384873946506,0.85
773,0.2625138759613037,0.8
774,0.33224693189064664,0.7833333333333333
775,0.3078189541896184,0.85
776,0.2852610225478808,0.85
777,0.24316864212354025,0.85
778,0.26174423346916836,0.7833333333333333
779,0.33501550803581875,0.8166666666666667
780,0.3241092835863431,0.7333333333333333
781,0.28598462293545407,0.85
782,0.24982080856959024,0.75
783,0.274660661816597,0.8666666666666667
784,0.2706790193915367,0.8666666666666667
785,0.31058042248090106,0.8
786,0.3245149676998456,0.85
787,0.2999963586529096,0.75
788,0.31481102854013443,0.8
789,0.30031810452540714,0.85
790,0.30533213416735333,0.7666666666666667
791,0.265069047609965,0.85
792,0.25707175334294635,0.8333333333333334
793,0.2556053747733434,0.8
794,0.30663011968135834,0.7166666666666667
795,0.5294146736462911,0.75
796,0.2612406189242999,0.85
797,0.2834937299291293,0.75
798,0.24976109713315964,0.85
799,0.23241635536154112,0.8666666666666667
800,0.2735076869527499,0.7666666666666667
801,0.25578860690196353,0.85
802,0.3067132607102394,0.7666666666666667
803,0.27642817546923953,0.8166666666666667
804,0.2393125054271271,0.7666666666666667
805,0.264253909389178,0.8666666666666667
806,0.22459415431755284,0.85
807,0.29039152959982556,0.8833333333333333
808,0.2630915219585101,0.8333333333333334
809,0.24209975947936377,0.8333333333333334
810,0.2930086900790532,0.7333333333333333
811,0.29341234515110654,0.8333333333333334
812,0.26972497006257373,0.8166666666666667
813,0.25210054715474445,0.85
814,0.29364486038684845,0.75
815,0.2823779781659444,0.7833333333333333
816,0.291279137134552,0.8
817,0.2608195170760155,0.85
818,0.30287595093250275,0.75
819,0.2607400193810463,0.8666666666666667
820,0.2754972502589226,0.7666666666666667
821,0.3086279754837354,0.8333333333333334
822,0.27998972684144974,0.7333333333333333
823,0.23862408070514599,0.8166666666666667
824,0.2883055607477824,0.8166666666666667
825,0.3088492974638939,0.8333333333333334
826,0.25827286920199793,0.8333333333333334
827,0.28367969393730164,0.8166666666666667
828,0.27131135761737823,0.85
829,0.27070513864358264,0.85
830,0.26983076830705005,0.8166666666666667
831,0.682778480152289,0.8333333333333334
832,0.31159834812084836,0.8333333333333334
833,0.3366677363713582,0.85
834,0.3373882994055748,0.7833333333333333
835,0.29566357284784317,0.8166666666666667
836,0.2388521934238573,0.7666666666666667
837,0.26267783840497333,0.8
838,0.3047214572628339,0.7666666666666667
839,0.2771742145220439,0.8333333333333334
840,0.2714794973532359,0.8166666666666667
841,0.24687286714712778,0.75
842,0.2367548942565918,0.8333333333333334
843,0.258478785554568,0.8166666666666667
844,0.23340893785158792,0.7666666666666667
845,0.30140720804532367,0.8333333333333334
846,0.26050810764233273,0.7666666666666667
847,0.27200446277856827,0.7333333333333333
848,0.30872007459402084,0.8
849,0.3992297301689784,0.8166666666666667
850,0.2649051398038864,0.85
851,0.22903976403176785,0.8333333333333334
852,0.24676624685525894,0.8
853,0.25950466593106586,0.7666666666666667
854,0.2974601835012436,0.7333333333333333
855,0.2883923724293709,0.8
856,0.2587065448363622,0.8333333333333334
857,0.23400800054272017,0.75
858,0.2705586900313695,0.75
859,0.27075126270453137,0.85
860,0.2820508157213529,0.8
861,0.318293459713459,0.7333333333333333
862,0.2860615998506546,0.8333333333333334
863,0.24771689375241598,0.7666666666666667
864,0.2682538578907649,0.75
865,0.27400893221298855,0.85
866,0.25371647129456204,0.85
867,0.2694173778096835,0.8333333333333334
868,0.23859184856216112,0.8666666666666667
869,0.24281682322422662,0.7666666666666667
870,0.30618968854347867,0.8
871,0.22643006717165312,0.8
872,1.0585261583328247,0.5333333333333333
873,0.7301669207712015,0.8
874,0.38164479037125904,0.8
875,0.38901189466317493,0.8
876,0.3330626959602038,0.8
877,0.32210984577735263,0.8
878,0.2911134734749794,0.8166666666666667
879,0.3214337279399236,0.85
880,0.3044096603989601,0.8
881,0.2948471133907636,0.8
882,0.31265929838021594,0.8166666666666667
883,0.3275064428647359,0.8
884,0.33085352679093677,0.8
885,0.3060288578271866,0.8
886,0.3249719465772311,0.8166666666666667
887,0.2840435927112897,0.85
888,0.3012033924460411,0.8
889,0.30819934606552124,0.8166666666666667
890,0.34192105134328205,0.8
891,0.3636630078156789,0.8
892,0.2828439585864544,0.8333333333333334
893,0.3174282560745875,0.8
894,0.3342793236176173,0.8
895,0.32166482011477154,0.8
896,0.2760586440563202,0.8166666666666667
897,0.288421389957269,0.7333333333333333
898,0.37021583567063016,0.8
899,0.29677344113588333,0.8166666666666667
900,0.37649497638146084,0.6833333333333333
901,0.49003786717851955,0.8
902,0.28135651381065446,0.7833333333333333
903,0.2737066191621125,0.8333333333333334
904,0.2996092513203621,0.8
905,0.28622804830471676,0.8
906,0.3180116017659505,0.8
907,0.3197243611017863,0.8
908,0.3152797346313794,0.8
909,0.30331594745318097,0.8166666666666667
910,0.2719275914132595,0.8166666666666667
911,0.30265508592128754,0.7333333333333333
912,0.3064662218093872,0.8
913,0.3089972585439682,0.8
914,0.36344026277462643,0.75
915,0.30964891860882443,0.8
916,0.294496089220047,0.8333333333333334
917,0.3333718776702881,0.75
918,0.26855193575223285,0.8
919,0.24106419055412212,0.75
920,0.3644025723139445,0.8
921,0.2928821121652921,0.8333333333333334
922,0.31614266832669574,0.75
923,0.33819809059302014,0.8333333333333334
924,0.2774338076512019,0.8166666666666667
925,0.2904226730267207,0.8333333333333334
926,0.289401575922966,0.8
927,0.27874991794427234,0.8
928,0.29488898317019147,0.7333333333333333
929,0.37472933282454807,0.7333333333333333
930,0.3095964069167773,0.7333333333333333
931,0.3183012629548709,0.7666666666666667
932,0.27780192097028095,0.8
933,0.2758438636859258,0.8333333333333334
934,0.2602993870774905,0.8
935,0.35313836485147476,0.8333333333333334
936,0.33849676450093585,0.7833333333333333
937,0.29848749935626984,0.8166666666666667
938,0.27935654173294705,0.7833333333333333
939,0.2607157900929451,0.7333333333333333
940,0.279319703578949,0.85
941,0.24432784194747606,0.8333333333333334
942,0.2753056113918622,0.8333333333333334
943,0.3836551755666733,0.7333333333333333
944,0.266104519367218,0.8166666666666667
945,0.2852284957965215,0.7666666666666667
946,0.2894508019089699,0.7166666666666667
947,0.5158646206061045,0.8
948,0.289502481619517,0.8333333333333334
949,0.29601825525363284,0.7833333333333333
950,0.3077091599504153,0.8
951,0.338947835067908,0.8
952,0.30142564078172046,0.8
953,0.2985608329375585,0.85
954,0.27357421070337296,0.7833333333333333
955,0.26096851130326587,0.75
956,0.30007651448249817,0.8333333333333334
957,0.2441779983540376,0.8
958,0.31183333198229474,0.7333333333333333
959,0.3993445535500844,0.7333333333333333
960,0.30400071789820987,0.7333333333333333
961,0.312084640065829,0.8333333333333334
962,0.24583527818322182,0.8
963,0.2771873598297437,0.8333333333333334
964,0.346556323270003,0.85
965,0.2503678649663925,0.8166666666666667
966,0.2648428902029991,0.7333333333333333
967,0.2652382974823316,0.8166666666666667
968,0.27789850284655887,0.85
969,0.2683464586734772,0.85
970,0.24826539804538092,0.8333333333333334
971,0.33521652470032376,0.8333333333333334
972,0.3174293686946233,0.7833333333333333
973,0.2445758149648706,0.8333333333333334
974,0.299821101129055,0.8166666666666667
975,0.4165452520052592,0.8166666666666667
976,0.33287932972113293,0.7666666666666667
977,0.3010743136207263,0.7666666666666667
978,0.282840629418691,0.7166666666666667
979,0.2840147763490677,0.8
980,0.3039099896947543,0.7333333333333333
981,0.3637956927220027,0.85
982,0.26627500355243683,0.8333333333333334
983,0.25299129138390225,0.85
984,0.3254268715778987,0.8333333333333334
985,0.25534962366024655,0.8166666666666667
986,0.2910524408022563,0.8333333333333334
987,0.2460913434624672,0.8333333333333334
988,0.24976114804546037,0.8333333333333334
989,0.2258975650765933,0.8166666666666667
990,0.24960499008496603,0.8333333333333334
991,0.26408153772354126,0.8
992,0.25976109504699707,0.8333333333333334
993,0.31063919017712277,0.8
994,0.37510089576244354,0.7666666666666667
995,0.31248817468682927,0.8
996,0.25340841213862103,0.85
997,0.2769391934076945,0.75
998,0.28592652827501297,0.6666666666666666
999,0.4202783803145091,0.8166666666666667
